Image,Object,Ag107,Cytokeratin 5,Laminin,YBX1,H3K27Ac,area,centroid-0,centroid-1,axis_major_length,axis_minor_length,eccentricity
20210305_NE_mockData1_001.tiff,1,0.0909090909090909,0.1818181818181818,0.0909090909090909,0.0909090909090909,0.9383063533089376,11,4.0,34.36363636363637,4.967994363003793,2.848231107005645,0.8193342786072867
20210305_NE_mockData1_001.tiff,2,0.1811638048716954,0.0,0.1428571428571428,0.5014482906886509,1.003469433103289,7,8.0,6.0,3.7032803990902057,2.138089935299395,0.816496580927726
20210305_NE_mockData1_001.tiff,3,0.2048216324586134,0.0769230769230769,0.2021426054147573,0.1538461538461538,0.8984988377644465,13,11.615384615384617,39.46153846153846,4.907725735659753,3.279400065550629,0.7439711284387783
20210305_NE_mockData1_001.tiff,4,0.0,0.0,0.0,0.0862434421266828,0.3541263427053179,14,14.357142857142858,20.214285714285715,4.742873420478221,3.6860255520522975,0.629288982059086
20210305_NE_mockData1_001.tiff,5,0.5036293268203735,0.0,0.0,0.0,0.6152833700180054,4,17.5,33.5,2.0,2.0,0.0
20210305_NE_mockData1_001.tiff,6,0.2426226139068603,0.2251527971691555,0.0730447239345974,0.150877253876792,1.3701410624716015,18,18.88888888888889,41.44444444444444,5.132946212902184,4.480247343827444,0.4880042003142553
20210305_NE_mockData1_001.tiff,7,0.1111111111111111,0.0555555555555555,0.0,0.0847303999794854,1.1414003802670374,18,21.05555555555556,36.61111111111112,6.539325004089144,3.665345734728451,0.828148827822692
20210305_NE_mockData1_001.tiff,8,0.0,0.1,0.1440024495124817,0.1,1.437891387939453,10,24.5,42.0,4.381780460041329,2.683281572999748,0.7905694150420949
20210305_NE_mockData1_001.tiff,9,0.0,0.0,0.0769230769230769,0.0,1.2268304778979375,13,26.384615384615383,31.384615384615383,4.318667337728677,3.6794648440312,0.523556754446835
20210305_NE_mockData1_001.tiff,10,0.0,0.0,0.25,0.0,0.4739345014095306,4,31.5,53.0,3.23606797749979,1.2360679774997898,0.9241763718304448
20210305_NE_mockData1_001.tiff,11,0.0714285714285714,0.0,0.0,0.0,0.8892798253468105,14,30.714285714285715,37.5,4.20883424647321,4.120630029101703,0.2036532699906393
20210305_NE_mockData1_001.tiff,12,0.0434782608695652,0.0,0.0,0.0869565217391304,1.4808433988819951,23,33.78260869565217,42.91304347826087,5.733826014124253,5.0375140067593245,0.4776307722564946
20210305_NE_mockData1_001.tiff,13,0.0769230769230769,0.0769230769230769,0.0,0.0,1.7355972069960377,13,33.84615384615385,48.61538461538461,5.376796813410203,2.993305616289287,0.830708276629804
20210305_NE_mockData1_001.tiff,14,0.0,0.0,0.1,0.0,0.7159563302993774,10,35.1,54.8,4.7504310473449705,2.65205672345464,0.8296545749843498
20210305_NE_mockData1_001.tiff,15,0.521193964914842,0.0454545454545454,0.0938348174095153,0.1363636363636363,0.7338118607347662,22,40.5,52.5,5.78399044384977,4.898979485566356,0.5316095330711949
20210305_NE_mockData1_001.tiff,16,0.4818103551864624,0.0,0.0,0.0,1.1374428033828736,5,44.8,48.4,3.098386676965933,1.7888543819998317,0.816496580927726
20210305_NE_mockData1_001.tiff,17,0.5545376214114103,0.1818181818181818,0.0909090909090909,0.0,1.7250295335596255,11,46.90909090909091,53.63636363636363,4.346129984141888,3.067356324605906,0.7084437526351622
20210305_NE_mockData1_002.tiff,1,25.95716428756714,4.380375131964684,0.7893503159284592,8.543220818042755,1.1984284818172457,8,0.875,55.125,3.4641016151377544,2.7386127875258306,0.6123724356957945
20210305_NE_mockData1_002.tiff,2,17.75630189300677,20.937454283784287,0.8333534056987237,8.056470368980268,4.118487684004897,109,8.53211009174312,14.46788990825688,13.560581284613413,10.433038079557232,0.6388093073539358
20210305_NE_mockData1_002.tiff,3,23.525939312848177,0.1581872105598449,0.6809534159573641,4.018878524953669,2.703742124817588,22,9.545454545454543,37.04545454545455,9.055410466272445,3.1517337426952987,0.9374760483639184
20210305_NE_mockData1_002.tiff,4,24.64270020150519,16.295698941528023,1.2871951758861542,4.333130395257628,2.5586605753217424,77,8.285714285714286,58.48051948051948,14.431805122939194,7.011708304510785,0.8740415977811581
20210305_NE_mockData1_002.tiff,5,22.463626369353264,2.1790114679644184,0.0716415489873578,3.7384495773623065,4.509538658203617,31,12.903225806451612,30.806451612903224,7.289948954529379,5.404090938441835,0.6711659850292946
20210305_NE_mockData1_002.tiff,6,25.39162945260807,26.19504576860642,1.212362301592924,7.567651592955297,4.256001968773044,49,13.591836734693878,23.6734693877551,8.370809027656046,7.450988392550833,0.4557346501859989
20210305_NE_mockData1_002.tiff,7,23.327675519451017,0.2832112850681428,0.2552047891001547,5.443704589720695,4.290748742318923,31,16.70967741935484,38.193548387096776,6.799734978568976,5.90867223249778,0.4948889060357737
20210305_NE_mockData1_002.tiff,8,20.848592518288413,55.15982630885678,5.004518258718797,8.428730451030496,6.8320470798162765,81,17.17283950617284,14.728395061728396,12.29618840950188,8.527937248444687,0.7204150875847001
20210305_NE_mockData1_002.tiff,9,23.07453803582625,0.4230948090553283,1.2871286110444502,5.192588459361684,4.776389203288338,22,17.772727272727273,33.09090909090909,5.493798156268411,5.129722174423958,0.3579789930628065
20210305_NE_mockData1_002.tiff,10,13.892751836776734,4.0507453298568725,0.617967945098877,2.835413032531738,3.3756445684432985,125,20.928,52.664,16.42394444496912,10.337348251295785,0.777075688231192
20210305_NE_mockData1_002.tiff,11,16.08570542741329,24.09106406252435,0.9057611886491168,8.669940202794177,8.682679597367631,47,19.8936170212766,27.0,8.865265644110725,6.743983006925004,0.6490804289059541
20210305_NE_mockData1_002.tiff,12,12.104705572128296,0.5,0.4691337496042251,7.743903040885925,1.976126492023468,8,24.125,30.875,3.4641016151377544,2.7386127875258306,0.6123724356957945
20210305_NE_mockData1_002.tiff,13,10.18074614604314,8.487537785371144,0.5878874023755392,4.367442957560221,8.302152903874715,30,25.633333333333333,23.133333333333333,7.864968013902464,4.868954978713151,0.7853368898168944
20210305_NE_mockData1_002.tiff,14,5.159474074840546,0.4080335050821304,0.0,1.474512219429016,1.3985407054424286,8,24.875,49.125,3.4641016151377544,2.7386127875258306,0.6123724356957945
20210305_NE_mockData1_002.tiff,15,7.742680743336677,0.4505679681897163,0.3656010031700134,2.687711466103792,6.699994660913944,32,29.46875,27.96875,6.594983853900756,6.401166922271933,0.2406520086225829
20210305_NE_mockData1_002.tiff,16,9.392424960931145,0.0963618904352188,0.8315286586682001,5.925539011756579,1.7392532428105671,24,30.125,42.16666666666666,5.811014160855937,5.247634703167451,0.4295360352800381
20210305_NE_mockData1_002.tiff,17,13.600418220395628,0.6744715675063755,0.840155391589455,9.039890211561453,6.804522778676904,46,32.19565217391305,33.19565217391305,8.899365782340904,6.588051524358383,0.6722950937804886
20210305_NE_mockData1_002.tiff,18,24.2033375728698,11.715381758553642,0.4093416844095502,2.61857450292224,6.661137921469552,84,33.416666666666664,54.91666666666666,12.796707700737732,8.719062438109813,0.7319559047331643
20210305_NE_mockData1_002.tiff,19,18.450268516937893,26.10132837543885,0.3388431866963704,8.207912517090639,5.837020710110664,48,39.208333333333336,44.8125,9.807439266395432,6.289450738460438,0.7672953570225843
20210305_NE_mockData1_002.tiff,20,8.3302640914917,11.491207242012024,1.176966771483421,3.265433967113495,1.6180363595485687,16,40.875,26.0,5.491121612710071,3.6874901266889313,0.740971222810684
20210305_NE_mockData1_002.tiff,21,10.5984651020595,20.55508793081556,0.5644274456160409,3.5087749906948638,4.4834535769053865,70,44.54285714285714,34.1,13.644808894552323,7.141514618585633,0.8520951372797996
20210305_NE_mockData1_003.tiff,1,2.5019488504954746,0.0,33.50506520271301,0.1433746218681335,5.855205280440194,14,0.9285714285714286,1.8571428571428568,5.449353665897314,3.145851452097728,0.8165399631383785
20210305_NE_mockData1_003.tiff,2,34.61113481521606,20.900138195355733,56.94943321545919,3.5410444577534994,11.43835735321045,15,0.8666666666666667,14.333333333333334,5.963268946242256,3.2213663642250534,0.8415357530872689
20210305_NE_mockData1_003.tiff,3,1.2212984144687653,0.577257239818573,43.967200756073,0.4582313358783721,7.19078831076622,20,1.0,24.05,7.322752910766844,3.5689339876012998,0.873192212109006
20210305_NE_mockData1_003.tiff,4,0.9868977986849272,0.4868952861199012,46.63053402533898,0.2915794069950397,4.3889755721275625,26,1.7692307692307692,31.76923076923077,6.777193426869851,5.11973252124675,0.6552230167837274
20210305_NE_mockData1_003.tiff,5,20.48598027446053,20.481453609466552,25.782451178810813,2.9023234957998447,5.446259624307806,55,3.163636363636364,7.527272727272727,9.384151481909464,7.5610910362718995,0.592283206527048
20210305_NE_mockData1_003.tiff,6,6.511207952834012,3.845613772931852,44.2595670934309,0.6119446252521715,10.293898113986902,57,4.421052631578948,21.33333333333333,12.059201275232647,6.234869880795507,0.8559722333398617
20210305_NE_mockData1_003.tiff,7,7.873571276664734,6.1178067695526845,56.31488721711295,1.5778108267557054,7.675255372410729,42,6.619047619047619,31.047619047619047,9.45896569145884,5.621233212773251,0.8042614146835391
20210305_NE_mockData1_003.tiff,8,23.149830265045168,25.759077110290526,2.3775324249267578,12.610792927742004,6.4847018027305605,50,8.62,12.32,8.352956864028426,7.6863067612267715,0.3914722206076646
20210305_NE_mockData1_003.tiff,9,16.891158444540842,30.698794869014197,3.8523405279432015,7.055544580732073,5.697084770883833,35,9.971428571428572,18.88571428571429,7.313366134834392,6.178863103131937,0.5349674640908675
20210305_NE_mockData1_003.tiff,10,8.497299167844984,3.755589269456409,55.17674770052471,1.1457281150515115,5.145502463219658,63,11.682539682539682,2.365079365079365,12.538231489474228,7.324677589084138,0.8116187610096801
20210305_NE_mockData1_003.tiff,11,15.526001181453466,47.10757345706224,1.6374655608087778,7.556852601468563,8.57684381492436,64,12.875,36.921875,10.752934440426754,8.01727788403796,0.6664052065674341
20210305_NE_mockData1_003.tiff,12,28.158354816436766,36.05056044340134,3.4582459044456484,9.311961784362794,7.790038869380951,50,14.9,7.7,9.032018465120736,7.067010856487915,0.6227262126959229
20210305_NE_mockData1_003.tiff,13,9.834077774532258,38.710749762398855,1.3357640599447584,11.313531676928202,4.889936625011384,63,16.095238095238095,16.58730158730159,10.530433673208496,7.643964838392365,0.687807968028821
20210305_NE_mockData1_003.tiff,14,16.874121597834996,45.18111697605678,1.2100532191140312,10.989066450936454,7.52338114465986,35,18.228571428571428,40.34285714285714,7.568809277702379,6.075415799611953,0.5963950096767545
20210305_NE_mockData1_003.tiff,15,19.019284337759014,5.484892152249813,89.8672227859497,1.557644359767437,6.552613899111748,16,19.3125,2.5,6.379043545017158,3.278002966864877,0.8578677060860016
20210305_NE_mockData1_003.tiff,16,20.74962189950441,45.11870118191368,2.313545716436286,8.554768850928859,10.79528995877818,38,20.210526315789476,11.68421052631579,8.261291922749175,6.032720368697496,0.6831914116802753
20210305_NE_mockData1_003.tiff,17,15.607115745544434,58.40884337425232,1.969117760658264,18.173134756088256,3.204436254501343,20,21.9,36.95,5.215361924162119,4.79583152331272,0.3929526239966877
20210305_NE_mockData1_003.tiff,18,7.9449264325878834,28.511150771921333,1.6579605584794823,6.310846894979477,3.555190248922868,44,24.522727272727277,20.15909090909091,9.734654018868964,5.7291611944875855,0.8084734901153281
20210305_NE_mockData1_003.tiff,19,47.32524607398293,49.2162616036155,2.0061381405050103,9.023335554383015,7.765908441760323,44,25.113636363636363,10.522727272727272,10.170119495778806,5.814493861297594,0.820446534064707
20210305_NE_mockData1_003.tiff,20,10.350853177938568,66.85331158155806,1.2910171713721883,9.954234640250045,8.9978919390882,89,27.696629213483146,29.08988764044944,11.887226828644645,9.557154983744288,0.5946492449596099
20210305_NE_mockData1_003.tiff,21,21.069629352304,32.64441788649257,0.9336143520813954,11.117931521391569,6.530630404436136,79,29.16455696202532,38.07594936708861,11.563421523423898,8.682279598952071,0.6604841184503141
20210305_NE_mockData1_003.tiff,22,23.173473618247293,59.23883103457364,1.617028576677496,10.920333272760564,8.679642326181584,55,30.618181818181817,16.69090909090909,8.715539466978523,7.992953501918878,0.3986751141222014
20210305_NE_mockData1_003.tiff,23,32.89180209589939,43.12884656120749,1.18109720360999,16.11802079630833,10.676162020832884,51,34.627450980392155,25.03921568627451,11.262326245183518,6.07252020069131,0.842184917542763
20210305_NE_mockData1_003.tiff,24,46.90763041847631,35.88113649267899,0.9135753230044716,18.71417658579977,13.163311105025445,19,36.42105263157895,36.89473684210526,5.544698233777089,4.2956952169149805,0.6322808964466018
20210305_NE_mockData1_003.tiff,25,54.52011511876033,57.44922436200656,1.1047494457318232,19.62688763325031,10.213213269527142,26,36.69230769230769,31.807692307692307,6.201736729460423,5.495560338305155,0.4634320131035735
20210305_NE_mockData2_001.tiff,1,0.3996550995728065,0.0344827586206896,4.642012530359729,6.507055607335321,3.577796448921335,58,8.517241379310345,50.94827586206897,11.048771903163546,6.82398213498496,0.7864738423863622
20210305_NE_mockData2_001.tiff,2,0.4287604130804539,0.09458689391613,1.564711306244135,8.0167475938797,1.4679719656705856,32,10.0,35.65625,6.6332495807108,6.13264828601804,0.3811055985848637
20210305_NE_mockData2_001.tiff,3,0.705133505769678,0.054054054054054,12.19957949986329,10.884136470588478,1.6269315529514004,37,10.0,42.4054054054054,8.127468294993347,5.9607733262038565,0.6797856602927278
20210305_NE_mockData2_001.tiff,4,0.0666666666666666,0.1333333333333333,0.9567224661509196,1.3292622884114584,1.119972546895345,15,12.066666666666666,55.73333333333333,5.258554520990449,3.569133712945204,0.7343887778710586
20210305_NE_mockData2_001.tiff,5,0.6810750337747428,0.0996999557201678,3.45159707069397,9.015926366585951,4.547422462243301,65,15.261538461538462,48.07692307692308,9.992887596638344,8.412399756924337,0.5397291547622112
20210305_NE_mockData2_001.tiff,6,0.4650946470131551,0.0075187969924812,1.2313854994630455,8.744936283369709,2.7812463197493016,133,19.50375939849624,30.60902255639098,15.103480658455874,14.512469273651082,0.2770025157027638
20210305_NE_mockData2_001.tiff,7,0.7648899087423011,0.0556981684286383,2.9985769987106323,10.590918779373167,7.057459259334999,79,17.11392405063291,39.65822784810127,10.81068033956158,9.40452047523372,0.493177611500516
20210305_NE_mockData2_001.tiff,8,0.5102118171494583,0.1581669922532706,1.2941516144522305,9.90739842118888,1.9660495519638064,29,17.310344827586206,54.172413793103445,7.28722991870597,5.151194587347714,0.7073338321787024
20210305_NE_mockData2_001.tiff,9,0.4383224200558018,0.0,12.10441038737426,5.827275340621536,1.432491953308518,37,18.64864864864865,59.32432432432432,7.746894072973619,6.160284832102345,0.6063549018243924
20210305_NE_mockData2_001.tiff,10,0.3758979241053263,0.0588522122965918,1.8175903647034255,5.126732562427168,2.149655007653766,108,20.046296296296298,72.13888888888889,14.210194120057077,10.041840401703546,0.7075487381885023
20210305_NE_mockData2_001.tiff,11,0.4,0.0,0.6274322986602783,2.419847917556763,1.4188434600830078,5,21.6,78.8,3.098386676965933,1.7888543819998317,0.816496580927726
20210305_NE_mockData2_001.tiff,12,0.2530385877775109,0.0229977213818094,1.3551295840221902,11.767111099284628,2.953726677790932,46,23.065217391304348,45.630434782608695,8.688948965016033,6.736415407129451,0.6316110549820596
20210305_NE_mockData2_001.tiff,13,0.621260636127912,0.0837208376480982,2.830246918476545,10.357561964255114,8.13908402965619,104,25.625,57.75961538461539,16.70865385534437,8.967472380693387,0.8437755046319207
20210305_NE_mockData2_001.tiff,14,0.5189552207787832,0.1148220062255859,1.1803712606430057,8.20404711763064,7.076340107123057,60,28.183333333333334,50.16666666666666,9.571237556762872,8.258885482302661,0.5053988572368022
20210305_NE_mockData2_001.tiff,15,0.0986711119042068,0.0864868379030071,0.604064935543498,5.75424946331587,1.5041905973778396,61,27.262295081967213,41.114754098360656,12.802474271194468,6.660251317883649,0.8540252404397958
20210305_NE_mockData2_001.tiff,16,0.2949191122724299,0.0526315789473684,1.1392303349678976,7.0927022821024845,1.6070307263156824,57,29.56140350877193,77.42105263157895,11.189417092616551,6.782721941386829,0.7953328595948856
20210305_NE_mockData2_001.tiff,17,0.5696998230048589,0.1013390285628182,1.171407665525164,10.11183376652854,8.501554823773247,140,29.15,28.12857142857143,14.950448838295696,12.447702760883177,0.5538788677602284
20210305_NE_mockData2_001.tiff,18,0.4027652875069649,0.0684610086102639,0.8959075130762593,6.900937005396812,3.59787945401284,62,30.62903225806452,18.43548387096774,9.650718972434312,8.512703490292589,0.4711001669805303
20210305_NE_mockData2_001.tiff,19,0.541573703289032,0.1338790643094766,4.994679977195432,8.2371207150546,7.299456981095401,99,30.43434343434344,68.58585858585859,12.15570815861433,10.575907491014926,0.4929876433795678
20210305_NE_mockData2_001.tiff,20,0.0975609756097561,0.024390243902439,0.903880716097064,3.397096046587316,1.1585000142818545,41,34.1219512195122,47.58536585365854,10.2526679771005,5.035624765750429,0.8710735338068334
20210305_NE_mockData2_001.tiff,21,0.4193642074997361,0.1621621621621621,0.6732056398649473,5.703735196912611,1.7584556985545805,37,35.972972972972975,34.16216216216216,7.84581369554782,6.156514185333591,0.6198911816287468
20210305_NE_mockData2_001.tiff,22,0.1213568100269804,0.0813269995628519,12.8609480236439,2.870505594826759,2.0527052733492344,94,35.170212765957444,59.58510638297872,15.539987154761294,7.885725753847423,0.8616827475264368
20210305_NE_mockData2_001.tiff,23,0.03125,0.0,0.2888618148863315,4.457205027341843,1.3224110677838326,32,37.4375,22.1875,7.010867347484396,5.850020430389718,0.551126381648487
20210305_NE_mockData2_001.tiff,24,0.4228655683994293,0.0573119223117828,1.2981701800227166,7.710970794558525,2.3462319222092627,200,39.115,74.91,24.13506118663112,12.170358315085558,0.8635515826352654
20210305_NE_mockData2_001.tiff,25,0.3174678993896699,0.028169014084507,0.8792941049790718,7.7430183602051,2.757638451079248,71,40.394366197183096,29.816901408450704,11.61158118122678,7.847484025008399,0.7370552366630283
20210305_NE_mockData2_001.tiff,26,0.4031162572943646,0.0475052767905636,1.049926189408786,8.42305708622587,3.644725257935731,138,45.36231884057971,41.63768115942029,19.03888534786068,9.78247709701229,0.8579006271638421
20210305_NE_mockData2_001.tiff,27,0.4315452460319765,0.0469926711051694,4.415229855045196,3.708126753568649,2.309080358474485,124,47.193548387096776,27.04032258064516,18.472975171978817,9.25244124783692,0.8655262170944742
20210305_NE_mockData2_001.tiff,28,0.3155031857036409,0.0257506550304473,2.273369112658122,6.5111606565732805,1.9967787559070285,126,48.36507936507937,79.67460317460318,14.833659925412674,10.949059702763352,0.6746665993608824
20210305_NE_mockData2_001.tiff,29,0.3218674663986478,0.0,2.116451971871512,8.610601193564278,2.184361451012748,35,52.22857142857143,39.82857142857143,7.677593977087699,5.824075621541641,0.6515789456240351
20210305_NE_mockData2_001.tiff,30,0.0588235294117647,0.0,57.44034683003145,0.4978896730086383,1.2815317196004532,17,53.11764705882353,24.47058823529412,5.487954724560282,3.880570000581328,0.7071067811865475
20210305_NE_mockData2_001.tiff,31,0.2678482301773564,0.064516129032258,0.3185591813056699,3.1514902845505746,1.3434285925280662,31,57.25806451612903,75.70967741935483,7.100847713202127,5.594000544055981,0.6159396495152216
20210305_NE_mockData2_001.tiff,32,0.646799303499269,0.0678209758099214,1.248984956814919,5.751183661413782,1.91212225659394,162,56.98765432098765,86.8641975308642,16.129986971969895,13.446559235683567,0.5523122357959548
20210305_NE_mockData2_001.tiff,33,0.0511545548363337,0.0,31.949667113167894,0.7599904243908231,1.4910530703408378,63,56.55555555555556,33.07936507936508,10.07065634845916,8.201043456013672,0.5803734628797725
20210305_NE_mockData2_001.tiff,34,0.3325242634569661,0.0677166360147883,8.376519309503308,8.779184966944577,3.805032836252384,178,56.46067415730337,47.353932584269664,17.68540249681022,13.405758304572604,0.6522398837979569
20210305_NE_mockData2_001.tiff,35,0.0434782608695652,0.0652173913043478,53.73860176749852,0.3491205158440963,1.5894944240217623,46,60.45652173913044,26.97826086956522,11.797928030193146,5.080803604931761,0.9025179703338024
20210305_NE_mockData2_001.tiff,36,0.4071427673852744,0.0655488296717154,8.50808091924972,7.860274642455478,2.288665332463609,119,60.15966386554622,59.89915966386555,13.088681798914452,12.009024437032927,0.397707775086387
20210305_NE_mockData2_001.tiff,37,0.0,0.0869565217391304,42.853676754495375,0.6402921624805616,1.2399078426153765,23,63.17391304347826,23.0,5.405311397537409,5.360360002581718,0.1286978904175573
20210305_NE_mockData2_001.tiff,38,0.0493941518995496,0.1259374353620741,54.72662546369765,0.5650552213191986,2.16011401547326,45,63.02222222222223,33.8,8.349449474646718,7.25679092009519,0.4945765722984209
20210305_NE_mockData2_001.tiff,39,0.4817860535212925,0.0285714285714285,3.205138761656625,5.291560356957572,1.821737950188773,35,64.05714285714286,77.02857142857142,7.769169116755115,5.848356738553234,0.6582896122429026
20210305_NE_mockData2_001.tiff,40,0.2301194171110789,0.0277777777777777,75.6501812140147,1.5824006473024683,2.985574778583315,36,64.77777777777777,38.97222222222222,8.76788667987907,5.342650676884922,0.7929067196949555
20210305_NE_mockData2_001.tiff,41,0.4183944683630489,0.0505741174938609,5.436648583527908,6.722197846301551,6.028524769162669,103,63.04854368932039,69.85436893203884,14.204613814956222,9.944870622266624,0.7140295898796976
20210305_NE_mockData2_001.tiff,42,0.4495292242537153,0.0696956832358177,2.7512676271986454,3.495858978717885,1.5158408474414906,47,65.04255319148936,83.31914893617021,8.155691542790725,7.304652029456073,0.4447578691629512
20210305_NE_mockData2_001.tiff,43,0.2506421480860029,0.0786923340388706,40.09917505809239,7.039506869089036,9.476626694770086,105,66.4952380952381,47.695238095238096,14.827032974617646,9.350644791788891,0.776068670383037
20210305_NE_mockData2_001.tiff,44,0.0,0.1507482230663299,48.79403269290924,0.3568702513972918,1.4217608273029327,24,67.375,30.875,7.092208989924561,4.381845689117,0.7863043657429808
20210305_NE_mockData2_001.tiff,45,0.2251993458846519,0.0344827586206896,42.04077233939335,6.6959210099845095,2.989927189103488,29,68.65517241379311,63.96551724137931,6.759626853142222,5.593073800049007,0.5615785140215117
20210305_NE_mockData2_001.tiff,46,0.7018131762742996,0.1155637552340825,5.964897409081459,6.82372909784317,1.9363084137439728,24,70.625,74.54166666666667,6.823644071207446,4.600011283866343,0.7386143060911923
20210305_NE_mockData2_001.tiff,47,0.2792248129844665,0.0,45.0689500172933,2.1414762487014136,2.297351578871409,24,70.95833333333333,40.66666666666666,7.48194624318278,4.026775988128411,0.8428177953224391
20210305_NE_mockData2_001.tiff,48,0.2694552666262576,0.0526315789473684,12.125615205419692,5.624056786298752,4.710973794523039,152,73.16447368421052,59.17105263157895,16.439238210383433,12.7942402195809,0.6279241771540252
20210305_NE_mockData2_001.tiff,49,0.3728634063587632,0.0717366462530091,13.184386774551037,5.336801933687787,2.0879557437674943,43,73.06976744186046,70.06976744186046,8.684265380336612,6.4814481624498175,0.6655605454649425
20210305_NE_mockData2_001.tiff,50,0.4360162134353931,0.0485502619009751,55.77141019472709,4.425984320732264,3.17772153707651,52,73.88461538461539,48.46153846153846,9.197915898136635,7.301746564632253,0.6081163146934828
20210305_NE_mockData2_001.tiff,51,0.092755377292633,0.1071428571428571,57.14014877591814,0.5352509149483272,1.7325675913265772,56,76.03571428571429,40.57142857142857,11.61302817247702,6.316065128390567,0.8391646010564351
20210305_NE_mockData2_001.tiff,52,0.03554467856884,0.0833333333333333,5.339031716187795,0.0833333333333333,0.5123155117034912,12,79.83333333333333,63.833333333333336,4.854930889924544,3.1949059190896785,0.7529528759900531
20210305_NE_mockData2_001.tiff,53,0.413006950115812,0.0497913606788801,62.24801562316176,2.802965496761212,2.7265007651370503,69,80.55072463768116,49.72463768115942,11.892638605738764,7.474056014165988,0.7778413368178773
20210305_NE_mockData2_001.tiff,54,0.0667621778405231,0.1084130017653755,35.859004538992174,0.1399269985116046,1.3049779560254968,23,85.26086956521739,50.65217391304348,10.737519863547195,2.879199222512428,0.9633789027826622
20210305_NE_mockData2_001.tiff,55,0.0,0.0,18.85778706414359,0.1428571428571428,0.98086827141898,7,85.57142857142857,59.285714285714285,4.155374705678736,1.9054711331003735,0.8886656215775005
20210305_NE_mockData2_002.tiff,1,0.4273472317942866,0.1481481481481481,30.69079366436711,5.622160562762508,2.7718502989521734,27,2.0,35.407407407407405,6.347936380926978,5.787266662110996,0.4109079165751609
20210305_NE_mockData2_002.tiff,2,0.3529266834259033,0.0666666666666666,7.866116491953532,5.795820999145508,2.515415525436401,15,0.8666666666666667,52.66666666666666,5.963268946242257,3.2213663642250534,0.8415357530872689
20210305_NE_mockData2_002.tiff,3,0.4237089596296611,0.0461671822949459,13.934698735412798,8.519584091086136,4.094976519283495,38,2.8947368421052637,40.8421052631579,7.337773517310567,6.766936444147132,0.386699724276291
20210305_NE_mockData2_002.tiff,4,0.2300866991281509,0.0,0.4111023172736168,4.713036797940731,1.891902714967728,32,8.0,55.875,7.305972312535168,6.809755397110055,0.3622508360702269
20210305_NE_mockData2_002.tiff,5,0.067565701007843,0.04,0.2506069803237915,8.613728094100953,2.5804660224914557,50,8.32,38.66,10.660757111059146,6.011676789299458,0.8258382198262969
20210305_NE_mockData2_002.tiff,6,0.3379731595516205,0.0,0.5671495497226715,8.905865156650544,1.845683002471924,20,12.05,33.7,5.639889740659884,4.506844096837543,0.601196195006148
20210305_NE_mockData2_002.tiff,7,0.2076022857572974,0.024390243902439,0.5468343772539278,6.024696764422626,4.975516990917485,82,14.75609756097561,26.634146341463413,11.569002816169943,9.183303857259236,0.6081981322077903
20210305_NE_mockData2_002.tiff,8,0.2151869705745152,0.0,0.2142857142857142,3.9870306508881694,2.0373947535242354,14,13.857142857142858,57.07142857142857,5.449353665897314,3.145851452097728,0.8165399631383784
20210305_NE_mockData2_002.tiff,9,0.1469992090154577,0.2689593677167539,0.3576271180753355,5.450151187402231,1.7579987667225023,27,17.40740740740741,32.48148148148148,6.720680652327869,5.050208431791945,0.6597980127807583
20210305_NE_mockData2_002.tiff,10,0.2897975808236657,0.141483146969865,0.4054626429953226,5.837915474321784,11.41921907227214,82,23.65853658536585,22.98780487804878,12.063709097854757,8.763224806030465,0.6872593361772101
20210305_NE_mockData2_002.tiff,11,0.0,0.0,0.2791412512461344,9.18021264076233,2.74197256565094,15,26.6,56.6,4.618802153517006,4.026578365477733,0.4898979485566357
20210305_NE_mockData2_002.tiff,12,0.1035453767146704,0.0438334014055863,0.2225649469303635,3.1314095821020738,11.880983293056488,106,28.0188679245283,31.52830188679245,13.61000339662544,10.140254795418354,0.6669986251308101
20210305_NE_mockData2_002.tiff,13,0.1752431124448776,0.0759654283523559,0.462082502245903,4.839911571145057,12.315199367702007,80,30.75,8.0625,12.24152822452852,8.466551052705675,0.7222564618749652
20210305_NE_mockData2_002.tiff,14,0.1224489795918367,0.0816326530612244,0.3858103259485595,6.378329391382178,4.6357328137572935,49,32.93877551020408,55.91836734693877,10.956657906565733,6.176762680087425,0.8259487959698146
20210305_NE_mockData2_002.tiff,15,0.166588556648481,0.0396039603960396,0.3137214136595773,3.785807196456607,8.181156439356284,101,41.21782178217822,36.86138613861386,13.698813545928434,9.57454881109775,0.7151874393875831
20210305_NE_mockData2_002.tiff,16,0.0526212153134045,0.045045045045045,1.0441262002463814,3.160259265620429,6.83244243398443,111,41.48648648648648,13.252252252252251,14.830451224479695,9.62591902515959,0.7607334016720576
20210305_NE_mockData2_002.tiff,17,0.2106223286322827,0.0377358490566037,4.800862771160197,6.2108927942671865,3.760040928732674,53,48.0,55.16981132075472,9.611704099499494,7.06726417925281,0.6777668123942079
20210305_NE_mockData2_002.tiff,18,0.138940828036418,0.0709403173058433,0.8967771097622087,4.722167039339522,9.226006739962417,113,52.34513274336283,44.29203539823009,14.7143580955944,9.982528417361538,0.7346734306391147
20210305_NE_mockData2_002.tiff,19,0.1740153323520313,0.0,3.866145334460519,5.762711622498252,2.417625318874012,22,52.68181818181818,51.81818181818182,5.601323204534069,5.038403411484692,0.4369159118492763
20210305_NE_mockData2_002.tiff,20,0.1334703994702689,0.0993251559100573,0.4699032035055039,3.887655315519888,8.171673561953291,79,56.21518987341772,36.0,10.815071129927764,9.308477852388393,0.5091208934551592
20210305_NE_mockData2_002.tiff,21,0.0,0.0,0.0,0.0,0.0,3,59.333333333333336,47.333333333333336,2.309401076758504,1.3333333333333333,0.816496580927726
20210305_NE_mockData2_003.tiff,1,0.0,0.0,35.00823712348938,0.7139147222042084,1.9890956282615664,8,0.875,10.125,3.4641016151377544,2.7386127875258306,0.6123724356957945
20210305_NE_mockData2_003.tiff,2,0.0,0.0,33.31746986934117,0.0,1.982086249760219,7,0.4285714285714285,21.285714285714285,4.155374705678736,1.9054711331003735,0.8886656215775005
20210305_NE_mockData2_003.tiff,3,0.0,0.0833333333333333,32.844009478886925,0.0,3.3641597032547,12,0.75,33.083333333333336,5.294328785763617,2.862220279862641,0.8412668804818468
20210305_NE_mockData2_003.tiff,4,0.1751220902881106,0.0729355570432302,0.300176744525497,2.850048260914313,7.009531873303491,74,5.0,48.91891891891892,11.385185388064553,8.472654892391551,0.6679764333763113
20210305_NE_mockData2_003.tiff,5,0.6899443085377033,0.0489628039873563,0.5009210843306321,7.041304936775794,1.832403843219464,26,6.846153846153846,42.19230769230769,6.20222641359446,5.373049936583512,0.4995069720668289
20210305_NE_mockData2_003.tiff,6,0.46197060132638,0.0512820512820512,14.95586061783326,5.989896807915125,6.182300326151726,39,9.025641025641026,12.58974358974359,7.3994727592688605,6.685668589531329,0.4285182961393236
20210305_NE_mockData2_003.tiff,7,0.0,0.0,33.3722666572122,0.6309969074585858,2.311112971866832,17,9.882352941176473,7.470588235294118,5.487954724560282,3.880570000581328,0.7071067811865475
20210305_NE_mockData2_003.tiff,8,0.0,0.0,1.2682632446289062,3.905213069915772,1.4009344100952148,5,13.8,46.4,3.098386676965933,1.7888543819998317,0.816496580927726
20210305_NE_mockData2_003.tiff,9,0.4569525655947233,0.0526315789473684,0.2105263157894736,7.066504867453324,4.451178149173134,19,14.68421052631579,50.94736842105263,6.649713070702405,3.9515960182159326,0.8042799375487082
20210305_NE_mockData2_003.tiff,10,0.2989270993641444,0.0,7.426990837710244,5.867960212911878,13.521633412156786,70,15.2,17.514285714285716,10.205271974339553,8.724875032796918,0.518730160129003
20210305_NE_mockData2_003.tiff,11,0.3332865646907261,0.0891711899212428,8.74082761832646,6.463209780624935,9.67346019744873,70,16.757142857142856,8.9,11.581505922203473,8.313116398044434,0.696257234524895
20210305_NE_mockData2_003.tiff,12,0.2409271924726424,0.087817822733233,0.7109528542846761,4.847468690205646,9.074603055113103,93,18.247311827956988,29.870967741935484,11.320632215132395,10.614273548238728,0.3477041260799485
20210305_NE_mockData2_003.tiff,13,0.140417072210419,0.066922738310996,0.3438942753866817,6.177484482861637,6.235645911666785,89,18.60674157303371,38.93258426966292,11.406094668693305,10.13309893212364,0.459083012337276
20210305_NE_mockData2_003.tiff,14,0.2567086642788302,0.064516129032258,0.0810660892917263,6.26512921817841,5.816573619842529,31,18.0,48.41935483870968,8.012220922744255,5.139059742001583,0.7672044310410789
20210305_NE_mockData2_003.tiff,15,0.2988684662317825,0.0169491525423728,0.3245213658122693,5.584879271054672,6.127683722366721,59,25.71186440677966,49.88135593220339,12.977993434813234,6.054930028009781,0.8844929081222237
20210305_NE_mockData2_003.tiff,16,0.1618143128136457,0.050158143043518,0.5250195456763446,8.628814634630235,3.590440127809169,118,26.17796610169492,22.5,13.3364837439361,11.462729268306704,0.5111330355229469
20210305_NE_mockData2_003.tiff,17,0.3024400715100563,0.0205967678862102,1.3518083654554551,6.661576770793246,3.949982401341369,177,30.01129943502825,5.169491525423729,18.1702467728421,13.548060483651762,0.6663737760264042
20210305_NE_mockData2_003.tiff,18,0.1333333333333333,0.0,1.3639886458714805,15.40567617416382,2.110902730623881,15,34.13333333333333,39.8,5.281633700418866,3.574898741245028,0.7361166193605281
20210305_NE_mockData2_003.tiff,19,0.1679510100413177,0.0847457627118644,0.2453576710264561,7.959869126142082,3.199824129120778,59,34.69491525423729,48.559322033898304,12.796761490429814,6.360823400206327,0.8677132570375283
20210305_NE_mockData2_003.tiff,20,0.2370385924975077,0.0833333333333333,1.4946609735488892,7.053952157497406,2.337940116723378,12,36.5,15.0,4.47213595499958,3.265986323710904,0.6831300510639732
20210305_NE_mockData2_003.tiff,21,0.2370061304258263,0.0454335238622582,0.6913648464757464,4.455038956973864,2.595310654329217,92,37.16304347826087,32.880434782608695,12.963510817218582,10.2993170509164,0.6072835582364682
20210305_NE_mockData2_003.tiff,22,0.402623230502719,0.0476190476190476,0.1376814728691464,10.989738555181594,2.2593820038295926,21,41.42857142857143,38.523809523809526,5.47970557247616,5.012007494928868,0.4042488289903745
20210305_NE_mockData2_003.tiff,23,0.1870208263397216,0.0333333333333333,0.7797120730082194,12.591760206222537,1.8711830457051597,30,42.36666666666667,24.466666666666665,6.1752192943516855,6.150700050491091,0.0890247601816924
20210305_NE_mockData2_003.tiff,24,0.1666066522399584,0.0649538543075323,0.3479514146844546,7.801939251522223,6.925830561667681,96,43.364583333333336,15.177083333333334,12.884786297344936,9.592730399432517,0.6676218547492107
20210305_NE_mockData2_003.tiff,25,0.0,0.0,5.687510550022125,0.0,1.4153679410616558,12,43.91666666666666,0.75,5.294328785763616,2.862220279862641,0.8412668804818468
20210305_NE_mockData2_003.tiff,26,0.0817433576114842,0.0567103350748781,0.3001253233581293,6.798361236931847,4.285121151658355,61,46.85245901639344,36.29508196721312,10.600303070324884,7.350051361096547,0.7205709169532606
20210305_NE_mockData2_003.tiff,27,0.0425645351409912,0.0538192788759867,0.7258349378903707,9.00192214647929,3.719987793763479,30,47.53333333333333,22.366666666666667,6.175219294351686,6.150700050491091,0.0890247601816943
20210305_NE_mockData2_003.tiff,28,0.3201916547921987,0.0307692307692307,0.5336135845917922,7.001028805512648,2.001832151412964,65,42.84615384615385,44.01538461538462,14.439294784867494,6.590293864183151,0.8897676179521729
20210305_NE_mockData2_003.tiff,29,0.0,0.0,0.3333333333333333,5.961897704336378,1.7175482643975153,9,51.66666666666666,16.88888888888889,3.885753375057407,2.7954428906961324,0.6945875203623408
20210305_NE_mockData2_003.tiff,30,0.0666666666666666,0.2301944732666015,0.4443489074707031,8.341032028198242,1.7501551787058511,15,52.13333333333333,22.33333333333333,5.963268946242256,3.2213663642250534,0.8415357530872689
20210305_NE_mockData3_001.tiff,1,0.3196751463169954,29.03417331345227,12.062073385837127,7.685774642594007,6.4569619066861215,49,6.428571428571429,43.24489795918368,10.241083576270626,6.853972100020177,0.743026143191422
20210305_NE_mockData3_001.tiff,2,0.3457037743769194,10.983404535996286,43.8792795382048,5.121213072224667,5.481333506734748,19,9.63157894736842,31.31578947368421,6.09093638927516,3.9438855858140767,0.7620648537700135
20210305_NE_mockData3_001.tiff,3,0.1914579021303277,24.211787642616976,0.6132382405431647,12.525135385362724,13.688247812421698,76,12.092105263157896,38.9078947368421,10.902768786623934,8.921603373084778,0.5748086403164231
20210305_NE_mockData3_001.tiff,4,0.26559658611522,28.138866648954505,1.162442799876718,8.55513736079721,4.530004673144397,34,14.0,46.02941176470589,7.97349528451496,5.651455023449602,0.7054294631433137
20210305_NE_mockData3_001.tiff,5,0.303557172574495,11.066027564751474,5.576683647695341,9.15686018090499,18.6191945954373,95,17.410526315789475,29.84210526315789,13.010386318615105,9.664515881872962,0.669479185052539
20210305_NE_mockData3_001.tiff,6,0.1203906965255737,23.766931538581847,18.448747732639312,8.938262090682983,3.2112149691581724,50,17.42,51.02,8.693881086950915,7.396460751329458,0.5255442514740986
20210305_NE_mockData3_001.tiff,7,0.2066957354545593,29.39111534692347,0.7734110318124294,11.627235628664494,7.831155026331544,64,20.359375,37.203125,10.460422443091248,8.114986125192878,0.6310035266072468
20210305_NE_mockData3_001.tiff,8,0.0,22.778099536895752,7.487902323404948,4.568759163220723,2.583818594614665,6,21.166666666666668,44.833333333333336,3.126943839882286,2.309401076758503,0.6741998624632421
20210305_NE_mockData3_001.tiff,9,0.3304615605111216,15.5931262736227,5.499174728113062,11.405229685353298,13.121989497951432,51,24.11764705882353,24.137254901960784,9.32469531482042,7.176877707306668,0.6384497508875908
20210305_NE_mockData3_001.tiff,10,0.1797342130116054,17.33173139890035,46.05888757251558,6.794652927489508,4.2199994041806175,42,25.142857142857142,53.16666666666666,9.406191210469157,6.070241342042468,0.7638909846513514
20210305_NE_mockData3_001.tiff,11,0.2736247143846877,27.01003377741956,0.557966042072215,9.903360295802988,7.015915429338496,47,27.127659574468087,30.31914893617021,9.560177901810462,6.4172139924991365,0.7412362784322296
20210305_NE_mockData3_001.tiff,12,0.0714285714285714,17.05644782100405,46.395977003233774,2.769892062459673,5.368677582059588,14,29.142857142857142,54.21428571428572,5.114139636946515,3.575521120622371,0.714980679768619
20210305_NE_mockData3_001.tiff,13,0.1966183551627656,28.87435830157736,11.607598396747008,8.077570244022038,6.798389745795208,92,32.630434782608695,46.5,12.36404323906186,9.631784182623838,0.6270043785932361
20210305_NE_mockData3_001.tiff,14,0.2649299105008443,19.254797037803765,0.5486130028059988,8.78661473050262,7.33181234923276,66,33.24242424242424,24.75757575757576,9.399963671411165,8.968094848781321,0.2996272983354291
20210305_NE_mockData3_001.tiff,15,0.1052631578947368,19.40508694397776,9.549094451101205,7.064872315055446,2.384276114012066,19,35.05263157894737,14.63157894736842,7.402215365687311,3.4704139201161013,0.8832860318783144
20210305_NE_mockData3_001.tiff,16,0.2821291923522949,18.346771347522736,2.588945913314819,7.913173592090606,5.814029639959335,20,43.55,17.85,5.608008728538381,4.577143006356403,0.5777981144054632
20210305_NE_mockData3_001.tiff,17,0.3249665060821844,28.84648334006874,0.5270295301262213,12.513538948127202,5.957568633313081,98,43.46938775510204,43.38775510204081,14.66885405826188,8.775893541755803,0.8012967083038806
20210305_NE_mockData3_001.tiff,18,0.1300258374795681,9.163436404088648,36.0864907764807,2.5796656405053486,5.814172073108394,41,43.65853658536585,12.682926829268292,8.69266023672467,6.071735706299521,0.7156198761046924
20210305_NE_mockData3_001.tiff,19,0.4828012281534623,37.21883910042899,0.5362448011125837,13.30725332182281,3.8972120722945855,49,46.85714285714285,32.734693877551024,10.623352207051015,5.9913054910937324,0.8257918343663552
20210305_NE_mockData3_001.tiff,20,0.6882945497830709,24.778562704722088,0.3761184240380923,12.09847894559304,11.800743768612543,48,46.958333333333336,22.33333333333333,10.311143353987688,6.261637206936647,0.7944963318345811
20210305_NE_mockData3_002.tiff,1,0.2825403407216072,17.95343889296055,1.3233296871185305,9.717527805268764,11.243096773326396,80,10.8875,21.5125,13.22315678762945,7.716419154618882,0.8120747111291169
20210305_NE_mockData3_002.tiff,2,0.2793932415190197,20.334954704557145,1.005025102978661,10.808132364636377,6.725141204538799,42,16.523809523809526,14.5,7.9642056370093455,6.830636600777565,0.5142054690561589
20210305_NE_mockData3_002.tiff,3,0.4510655911242375,27.569351716119733,0.236972873328162,8.721016428509696,6.653848843496354,61,17.524590163934427,27.40983606557377,10.46738837535566,7.669330047902946,0.6805646681289229
20210305_NE_mockData3_002.tiff,4,0.3227052986621856,37.36068885976618,0.2705802565271204,10.130643113092942,8.546528897502206,44,18.977272727272727,21.38636363636364,8.217809696123812,6.97254359103419,0.5292476532533313
20210305_NE_mockData3_002.tiff,5,0.5406586329142252,18.70703725020091,2.3419422705968223,12.374156792958578,2.9102562268575034,12,19.5,9.5,3.829708431025352,3.829708431025352,0.0
20210305_NE_mockData3_002.tiff,6,0.3549175792270236,19.429973808924355,0.5747434642579821,9.421273220909969,8.726918941073947,45,20.91111111111111,32.888888888888886,9.886749492291226,6.115136999778656,0.7857702739812928
20210305_NE_mockData3_002.tiff,7,0.2371150390157159,31.80768405266528,1.867756117064998,6.0076317922124325,4.915942054874492,53,23.11320754716981,14.283018867924527,8.873655474448205,7.637907187393984,0.5090454197605326
20210305_NE_mockData3_002.tiff,8,0.4112903736531734,37.29224455356598,0.4965404272079468,9.642696410417557,8.613174855709076,16,24.0625,26.1875,6.222716025422782,3.2638635490697965,0.8514055971008102
20210305_NE_mockData3_002.tiff,9,0.2274931022099086,18.857234593800136,0.7230995076043265,13.94632398741586,7.597187692778451,35,25.571428571428573,20.714285714285715,7.093954219590176,6.401075902848849,0.4310493881350331
20210305_NE_mockData3_002.tiff,10,0.3575570525192633,10.355645156488189,0.576023543753275,10.03880483348195,13.32234112809344,41,26.29268292682927,35.90243902439025,9.361476066244782,5.640520595061711,0.7981002325315818
20210305_NE_mockData3_002.tiff,11,0.3287600949406624,9.489030309021471,4.758253931999207,11.92921295762062,3.5278446674346924,16,29.5,44.1875,5.301859257350197,3.7852065221398448,0.700207434242993
20210305_NE_mockData3_002.tiff,12,0.2216315269470214,17.336372283788826,16.318609246840843,8.542091296269344,3.1008946941449094,26,29.346153846153847,10.653846153846152,6.115263665954397,5.378017936291857,0.4760065949973934
20210305_NE_mockData3_002.tiff,13,0.2152308184525062,17.50340056624906,0.3050895929336548,10.291863320202664,11.245778414709816,58,29.25862068965517,28.103448275862068,9.43004779039568,7.828224270074132,0.5575606233269773
20210305_NE_mockData3_002.tiff,14,0.3182488679885864,11.550053324018206,19.457025119236537,8.282182761601039,3.548523936952864,7,30.714285714285715,48.0,3.0237157840738176,2.7994168488950604,0.3779644730092273
20210305_NE_mockData3_002.tiff,15,0.1,16.987277030944824,0.4824720948934555,15.02157256603241,6.685822981595993,20,30.5,21.5,6.0,4.09878030638384,0.7302967433402214
20210305_NE_mockData3_002.tiff,16,0.5521701357581399,21.6080906607888,0.1923514604568481,5.783043731342662,7.205848303708163,11,31.09090909090909,38.36363636363637,4.346129984141888,3.067356324605907,0.7084437526351621
20210305_NE_mockData3_002.tiff,17,0.7797849973042806,30.36160933971405,0.7136527001857758,7.272190769513448,4.329571654399236,24,33.583333333333336,44.75,7.05377187045096,4.297269437893903,0.7930044644012295
20210305_NE_mockData3_002.tiff,18,0.0,14.049716758728028,5.695052528381348,6.008988571166992,3.166840219497681,5,36.8,51.4,3.098386676965933,1.7888543819998317,0.816496580927726
20210305_NE_mockData3_002.tiff,19,0.2107258118115938,33.962236269162254,0.4788671411000765,9.109377310826227,9.263060982410725,52,35.17307692307692,35.86538461538461,11.171730813918357,6.513309439303212,0.812459925278107
20210305_NE_mockData3_002.tiff,20,0.5567319197732894,55.3770329991325,0.34229006923613,8.354540226889439,8.466786312275245,61,39.131147540983605,44.68852459016394,10.062827996841603,7.93377677126154,0.6151319650513949
20210305_NE_mockData3_002.tiff,21,0.1725572779558707,11.227207323779233,7.254158985787543,9.18850328438524,8.602899815725243,69,41.42028985507246,20.89855072463768,10.282171953628117,8.52169613195535,0.5595691561257814
20210305_NE_mockData3_002.tiff,22,0.4220161466371445,47.20659891764323,11.818213777882711,5.977741922651019,8.905811871801104,42,42.5,38.54761904761905,8.292517763992343,6.484983485859928,0.6232429332220634
20210305_NE_mockData3_002.tiff,23,0.874705248865588,38.89754088171597,0.5938156267692303,11.079503873298908,4.16918669486868,29,43.55172413793103,49.44827586206897,7.636772334941404,4.962718881486602,0.7600666944920791
20210305_NE_mockData3_002.tiff,24,1.045973336902158,79.69472437891467,0.8867280565459152,12.323827768194263,5.380809360537036,29,46.172413793103445,44.48275862068966,6.7615308595621055,5.484266770020345,0.5849097430567937
20210305_NE_mockData3_002.tiff,25,0.226177151788745,23.52359012135288,0.6403182431271202,5.5778038961845535,7.1087113007118825,57,48.12280701754386,3.3859649122807016,10.360946578540023,6.972981399056796,0.7396368297844492
20210305_NE_mockData3_002.tiff,26,0.55736977320451,12.123780543987568,0.7553216585746179,7.021953032566951,5.272130195911114,13,52.0,6.461538461538462,5.178126215393372,3.4095276388293323,0.7526260896030552
20210305_NE_mockData3_003.tiff,1,0.0833333333333333,17.049380511045456,24.866395870844524,1.0969769557317095,2.435855786005656,12,5.083333333333333,16.166666666666668,4.894994431930091,2.9693109114996994,0.7950060587397373
20210305_NE_mockData3_003.tiff,2,0.4267625649770101,18.257153479258218,58.21162796020508,2.3124335130055744,6.310470581054688,15,9.4,25.4,4.618802153517006,4.026578365477733,0.4898979485566357
20210305_NE_mockData3_003.tiff,3,0.4059711432052871,34.68963707099527,2.677932391227302,2.473684675612692,5.707302014706499,59,10.084745762711863,18.389830508474574,11.216451322918344,6.763617369551219,0.7977346341807806
20210305_NE_mockData3_003.tiff,4,0.2558118596181765,63.764308612425246,0.6417015692689917,3.0933556176803925,4.330147792349805,91,14.637362637362637,11.571428571428571,12.323238538659018,9.409860368313932,0.6457053785929747
20210305_NE_mockData3_003.tiff,5,0.8172753280208956,122.0557098388672,6.514055498184696,5.099900630212599,2.7144274134789743,31,17.419354838709676,60.064516129032256,8.039436227469327,4.98740703494059,0.7843110631413124
20210305_NE_mockData3_003.tiff,6,0.4946817398071289,80.94272333780924,1.0422200520833331,5.684833304087321,2.3685361703236896,15,18.33333333333333,5.4,5.433874815756726,3.464374889583069,0.7704077621947727
20210305_NE_mockData3_003.tiff,7,0.4676088841564684,71.95568104824387,26.511641340083383,4.495295257453459,7.396814387964915,83,17.734939759036145,23.48192771084337,12.60564847252728,9.004261418817624,0.6998358491680301
20210305_NE_mockData3_003.tiff,8,0.5019386932253838,85.14674456914265,0.125,8.675829152266184,3.415318086743355,24,18.83333333333333,66.41666666666667,6.733003292241386,4.558264777059114,0.7359800721939873
20210305_NE_mockData3_003.tiff,9,0.3255739276473586,121.34879808168154,0.4465546704627372,3.441339019182566,2.629963059683104,37,22.135135135135137,52.13513513513514,9.001363380894812,5.3130901527254375,0.8072176240880427
20210305_NE_mockData3_003.tiff,10,0.2220383121306637,80.546734258353,0.6514828578535333,5.194401326308768,3.235653523939201,83,23.57831325301205,12.91566265060241,11.622671256403066,9.933654132011435,0.519156669367436
20210305_NE_mockData3_003.tiff,11,0.398994259212328,76.47072816931683,3.3088840194370435,2.4667510468026865,2.065439037654711,23,23.39130434782609,6.565217391304348,6.667281608803804,4.352291467154875,0.757544515981121
20210305_NE_mockData3_003.tiff,12,0.2962873422763717,32.165716110820505,10.14804573797844,3.632199293710816,4.523773564839027,71,28.04225352112676,22.408450704225352,9.77575485845448,9.46997368074262,0.2481545542224291
20210305_NE_mockData3_003.tiff,13,0.7218273211093176,183.5530751546224,0.4373050417218889,2.1481840326672508,1.5067691462380546,21,29.666666666666668,69.47619047619048,7.230069715317223,3.6300604784473767,0.8648222179141843
20210305_NE_mockData3_003.tiff,14,0.3874966303507487,230.61757494055703,0.4708911992501521,4.659220572830974,4.192968656187472,69,29.55072463768116,56.3768115942029,10.596981801742055,8.298751598934327,0.6218654830975966
20210305_NE_mockData3_003.tiff,15,0.3993912621548301,58.72153530622784,0.3237126124532599,4.135107476460306,3.0550146071534408,38,30.289473684210527,15.421052631578949,7.360090908790708,6.756609837468552,0.39656579468203
20210305_NE_mockData3_003.tiff,16,0.5123241373470852,274.05445752825057,0.7528441335473742,4.22359887616975,2.74462423154286,28,32.214285714285715,62.892857142857146,7.688728997411695,4.656110476750688,0.7957874049986925
20210305_NE_mockData3_003.tiff,17,0.3044290393590927,53.51548366546631,0.4995690256357193,5.568140876293183,5.693319107592106,40,33.775,48.1,8.007301931803893,6.333491594131128,0.61186203897846
20210305_NE_mockData3_003.tiff,18,0.2831645429134369,43.26002397537231,12.016792738437651,4.525404214859009,3.4568055838346483,40,34.5,21.225,11.791171589418587,4.261252462467808,0.932413404556658
20210305_NE_mockData3_003.tiff,19,0.5941404429349032,166.25634973699397,0.4622029716318304,4.303437995188164,1.6465541919072468,33,35.878787878787875,66.3030303030303,7.454351176536058,5.651588614085657,0.652068920396172
20210305_NE_mockData3_003.tiff,20,0.2691521167755127,158.49313100179037,0.7640158891677856,4.2905871868133545,2.413145605723064,15,38.2,62.06666666666667,5.40599920284407,3.5680145984013056,0.7512566405469012
20210305_NE_mockData3_003.tiff,21,0.3280964983361108,72.4293348618916,0.7632891216448375,4.23478639125824,7.065283734883581,56,38.92857142857143,57.05357142857143,9.811051660273735,7.243815096768732,0.674437248049809
20210305_NE_mockData3_003.tiff,22,0.3365385286186052,40.32697569805643,1.5873422548174858,5.179564369761425,9.46755857700887,92,41.119565217391305,48.18478260869565,12.542326198164025,9.573616699798032,0.6460386327612013
20210305_NE_mockData4_001.tiff,1,0.3245745102564494,0.097043245688252,54.54370413018369,6.15397930419308,15.63132624516542,87,3.67816091954023,20.02298850574713,14.316228554170246,8.29904277712803,0.8148337112710596
20210305_NE_mockData4_001.tiff,2,0.5033363392576575,0.1016274462454021,15.679105456918478,7.188816115260124,21.46225299499929,64,6.265625,8.234375,10.429190698068645,7.95136270605979,0.6470893622277615
20210305_NE_mockData4_001.tiff,3,0.4215480544657077,0.0657823175754187,29.708626219686472,7.749916465777271,17.92251665187332,53,8.132075471698114,25.30188679245283,10.592159743265418,6.491868037811066,0.790165365826617
20210305_NE_mockData4_001.tiff,4,0.2738896672790115,0.054054054054054,2.914601332432515,5.556000026496681,20.74999316318615,37,10.108108108108109,13.35135135135135,7.468702089997269,6.341804876442543,0.5282041711130772
20210305_NE_mockData4_001.tiff,5,0.2739893259673283,0.0486919057780298,2.955743974652784,5.565564147357283,17.19112623148951,29,11.724137931034482,18.79310344827586,6.761672012514283,5.641415640590722,0.5512765476687427
20210305_NE_mockData4_001.tiff,6,0.4242297247532875,0.032258064516129,13.525740795558498,7.5249762900414,15.506300118661697,62,15.387096774193548,8.387096774193548,9.692989645456532,8.275068155717616,0.5207375692540466
20210305_NE_mockData4_001.tiff,7,0.3936645226045088,0.0915658257224343,10.14280920919746,10.018919867698592,11.741081006599195,99,16.303030303030305,26.545454545454547,12.691636463983023,10.144703922586018,0.6009029709588555
20210305_NE_mockData4_001.tiff,8,0.1595472296079,0.1214879512786865,11.526161869366964,8.211662060022354,14.806612771749496,60,17.3,17.5,10.961824957062076,7.023654813846162,0.7677598350854624
20210305_NE_mockData4_001.tiff,9,0.5465883038662098,0.0,15.1152055616732,8.698105721561998,5.340202607490398,54,22.62962962962963,13.61111111111111,9.754827085827754,7.102888868723141,0.6854274474308611
20210305_NE_mockData4_002.tiff,1,0.5998953851786527,0.1153680953112515,17.79255024953322,5.183334561911496,8.481767443093387,44,8.931818181818182,16.613636363636363,9.88286232132904,5.866146688052899,0.8047841486945058
20210305_NE_mockData4_002.tiff,2,0.4234643259713816,0.0619760044785433,12.572703397551248,6.215821177460427,5.369499544764674,43,9.883720930232558,26.25581395348837,10.43064988350224,5.530761266285775,0.8478467860997243
20210305_NE_mockData4_002.tiff,3,0.3947368421052631,0.1052631578947368,15.565422635329398,6.1866955474803325,10.220239959265056,38,12.13157894736842,31.289473684210527,10.999691689608447,4.714993050351264,0.903471698382707
20210305_NE_mockData4_002.tiff,4,0.4910460472106933,0.0666666666666666,18.940516090393068,4.603653148810069,7.650872993469238,30,14.466666666666669,11.866666666666667,6.455916151924497,6.144286594099555,0.3069376806893192
20210305_NE_mockData4_002.tiff,5,0.5608236157164281,0.1562568216907734,3.6400818557155374,4.668728804101749,16.953732062359247,49,14.10204081632653,18.632653061224488,9.578271844952846,6.538144795643997,0.7307905976433671
20210305_NE_mockData4_002.tiff,6,0.5135454378344796,0.0909090909090909,14.919795510985637,6.098705319924788,13.459867720170454,55,15.163636363636364,35.83636363636364,9.521768426810803,7.767471401724121,0.5783914943634013
20210305_NE_mockData4_002.tiff,7,0.2181743447269712,0.0357142857142857,0.6214521250554493,4.461667026792254,19.23939562695367,56,17.660714285714285,24.267857142857142,9.69513914590811,7.607340131757989,0.6199325879367076
20210305_NE_mockData4_002.tiff,8,0.3687463425970697,0.0909848863428289,34.10999306920287,4.827861857104611,17.80431542148838,77,17.207792207792206,42.24675324675325,13.970548953178326,7.402370520365261,0.8480880122904207
20210305_NE_mockData4_002.tiff,9,0.1176470588235294,0.1599902440519894,0.928264929967768,6.243830526576323,12.9700049793019,34,19.41176470588235,30.705882352941178,7.123618331221204,6.1149382806032895,0.5129752259477252
20210305_NE_mockData4_002.tiff,10,0.3829893307252364,0.0681818181818181,6.630163127725774,6.715202981775457,5.528641465035352,44,20.931818181818183,10.386363636363637,9.63324315369568,6.031101065376337,0.7797654822253336
20210305_NE_mockData4_002.tiff,11,0.2688132378519798,0.1322253090994698,0.6452080230323636,5.054412547422915,20.727021728243148,49,21.040816326530614,16.571428571428573,8.269031255677927,7.548789415163143,0.4081857731020065
20210305_NE_mockData4_002.tiff,12,0.421920377110678,0.0634920634920634,46.53890876353733,6.440590905764746,14.980572011735704,63,24.063492063492063,39.26984126984127,15.499431100160836,5.79531929840019,0.927466890642834
20210305_NE_mockData4_002.tiff,13,0.4272448619206746,0.0,0.9328084389368692,4.57678574985928,18.37929348150889,18,23.5,22.38888888888889,5.742336839989466,4.182667022196356,0.6851615954266117
20210305_NE_mockData4_002.tiff,14,0.2511871972599545,0.0543595149710371,0.4913358591698311,5.491818748615883,23.590597645656484,74,26.24324324324324,27.7027027027027,10.548389409344043,9.06986909645944,0.5105728534330816
20210305_NE_mockData4_002.tiff,15,0.3019231737784619,0.0599536625844127,0.7676763242145754,8.162138731974476,13.495000848230326,53,27.30188679245283,17.20754716981132,11.60323786552277,5.8640684636510665,0.8628956804083193
20210305_NE_mockData4_002.tiff,16,0.2539776070618335,0.0751182723928381,20.089052435792524,5.887669788466559,21.348511127778043,81,29.580246913580247,36.77777777777778,11.85600525215101,8.823300114201015,0.6679511219779977
20210305_NE_mockData4_002.tiff,17,0.3449204623699188,0.025,13.53734910786152,5.710882234573364,33.018408393859865,40,32.75,16.8,7.671750577229819,7.064293530196345,0.3899902675024661
20210305_NE_mockData4_002.tiff,18,0.0637888646125793,0.06,122.20089057922364,2.31554345369339,5.360150189399719,50,33.32,44.54,8.938301318150112,7.454043838478279,0.551848894704598
20210305_NE_mockData4_002.tiff,19,0.1973467506468296,0.1083364188671112,17.679210958381493,4.959207780659199,32.553911512096725,48,33.625,28.625,8.733811168882362,7.110124879328004,0.58073607392823
20210305_NE_mockData4_002.tiff,20,0.2032916699137006,0.0142857142857142,13.019844484329225,4.3559455914156775,18.20744055850165,70,34.01428571428571,10.542857142857144,11.801638641139728,7.634701848974404,0.7625588978244998
20210305_NE_mockData4_002.tiff,21,0.1437854390395315,0.0475181074518906,26.348963806503697,4.277694830768986,35.29372889117191,38,34.21052631578947,22.394736842105264,9.294720592226176,5.437264733559222,0.8110446844968638
20210305_NE_mockData4_002.tiff,22,0.1219814437808412,0.0335767702622847,62.89281381741919,3.4534109385326657,11.123347765267498,99,38.86868686868687,37.1010101010101,15.166629895890368,9.016195122959518,0.8041134681917625
20210305_NE_mockData4_002.tiff,23,0.0384615384615384,0.0384615384615384,122.8176612854004,0.2738098502159118,3.8708498753034153,26,39.11538461538461,45.30769230769231,6.166056295965654,5.344121201075725,0.4988296814987361
20210305_NE_mockData4_002.tiff,24,0.1140081017625098,0.0588235294117647,64.91876108506146,6.281209136925492,12.520283102989197,51,40.19607843137255,17.352941176470587,8.963804506268477,7.336640572777416,0.5745436245065748
20210305_NE_mockData4_002.tiff,25,0.0806377880713519,0.0995904750683728,44.904571044094425,3.5961945460123173,9.096486498327817,68,40.89705882352941,25.83823529411765,10.81637132368087,8.091767398013133,0.6635818377583984
20210305_NE_mockData4_002.tiff,26,0.0769230769230769,0.0,133.0006103515625,0.4002473812836867,2.815931907066932,13,43.15384615384615,50.0,5.203549084703927,3.076923076923077,0.8064425896179158
20210305_NE_mockData4_003.tiff,1,0.1714364236051386,0.0466198948296633,73.17044953866439,9.81380917267366,6.264037392356179,44,8.613636363636363,70.56818181818181,8.854917271592875,6.539418462849314,0.67424579992383
20210305_NE_mockData4_003.tiff,2,0.1723198335147598,0.0784679153590526,78.98415698819947,6.895587051956399,13.86844516379162,103,11.368932038834952,62.78640776699029,12.674797424544964,10.627635896810949,0.5449236609510372
20210305_NE_mockData4_003.tiff,3,0.0490647251643831,0.0891686375178988,34.09511566918994,4.335311089243207,12.845235156634498,63,12.603174603174605,77.60317460317461,10.64693114162052,7.505595468558748,0.7092531426986035
20210305_NE_mockData4_003.tiff,4,0.3845553652445475,0.0446654637654622,46.7011344130834,7.829015752474467,11.840408038099609,75,17.213333333333335,71.14666666666666,10.457276725831122,9.230366980272336,0.4699856284500724
20210305_NE_mockData4_003.tiff,5,0.0333333333333333,0.1862234751383463,26.112419605255127,0.839434003829956,4.71673442920049,30,19.33333333333333,46.2,6.317486299531702,6.050200195926147,0.2877982277471246
20210305_NE_mockData4_003.tiff,6,0.0555555555555555,0.0772996611065334,43.65797445509169,4.554947468969557,5.127542482482062,18,18.5,56.5,6.060143424630315,3.733808824722635,0.7876480070835765
20210305_NE_mockData4_003.tiff,7,0.4007906553357147,0.0232558139534883,39.5216624459555,10.06268632134726,10.203077127767164,43,19.74418604651163,21.69767441860465,8.253299168854596,6.960126126428911,0.5374205098393691
20210305_NE_mockData4_003.tiff,8,0.1194898710876214,0.0574509667568519,38.696855388703895,6.664829344045921,14.432744897779871,61,20.34426229508197,61.98360655737705,9.533884304862411,8.19783420770876,0.5105248756986405
20210305_NE_mockData4_003.tiff,9,0.2076385337186146,0.0747602617884256,38.260923629783726,3.1056341866412795,12.902689533061292,83,20.686746987951807,39.04819277108434,10.809018871522529,9.87226041031274,0.4072079393633025
20210305_NE_mockData4_003.tiff,10,0.25,0.0833333333333333,19.676395277182262,3.68081326285998,10.425509969393412,12,22.08333333333333,67.83333333333333,4.894994431930092,2.9693109114997,0.7950060587397373
20210305_NE_mockData4_003.tiff,11,0.3557458811480066,0.065430242082347,55.7487163906512,9.20504915714264,7.284766440806181,46,23.93478260869565,16.02173913043478,8.501495736099873,7.0276657801241935,0.5627329584279573
20210305_NE_mockData4_003.tiff,12,0.2562920485224043,0.1,31.29636764356068,6.130241542203086,13.470626326969692,70,21.957142857142856,27.67142857142857,14.463454625312847,6.574433373232055,0.8907187507971498
20210305_NE_mockData4_003.tiff,13,0.3693365454673767,0.0294117647058823,8.881039829815135,4.201729760450475,11.714111002052531,34,24.235294117647054,32.64705882352941,6.8759711314892575,6.339958157735183,0.3870815391762739
20210305_NE_mockData4_003.tiff,14,0.3328509447051258,0.024390243902439,1.568195030456636,6.723663126550069,20.20324913466849,41,28.07317073170732,20.92682926829268,8.215203922503248,6.510597392572932,0.6098642753073713
20210305_NE_mockData4_003.tiff,15,0.14812833070755,0.0476190476190476,1.281337320804596,4.61622847261883,8.70008735287757,42,29.404761904761905,29.73809523809524,8.525386994033845,6.397834717591092,0.6609328128996212
20210305_NE_mockData4_003.tiff,16,0.6162857611974081,0.0639705837719024,80.83249326736208,7.039622263302879,8.975104557143318,63,30.603174603174605,10.34920634920635,10.50447832724914,7.591424899090482,0.6911779394804288
20210305_NE_mockData4_003.tiff,17,0.0594684835207664,0.1605562052484286,29.24749022823269,4.943999953189139,11.441693261518315,59,30.610169491525426,43.72881355932204,10.995684401882048,7.022625893044708,0.7694798381246188
20210305_NE_mockData4_003.tiff,18,0.0990321139494578,0.1045227456423971,4.930059873395496,5.391026187274191,26.82143460876412,72,30.375,59.208333333333336,10.913022145854454,8.57420892882844,0.6186254755518432
20210305_NE_mockData4_003.tiff,19,0.2304218477673,0.0772996611065334,17.440841886732315,6.599604851669735,19.07312552134196,36,31.88888888888889,52.5,7.8589632624152355,5.872274688760276,0.6645910447694143
20210305_NE_mockData4_003.tiff,20,0.1451998949050903,0.1186283997126988,2.0326012827101207,6.868182765112983,21.824830806444563,63,34.111111111111114,17.6984126984127,10.07640798885283,8.058546822927202,0.6003411827351517
20210305_NE_mockData4_003.tiff,21,0.1072051744712026,0.1942323571757266,1.3508384133640088,9.923719217902736,4.702799979009126,38,34.13157894736842,35.73684210526316,7.302374312132636,6.651139471948513,0.4128064890831741
20210305_NE_mockData4_003.tiff,22,0.4190894613663355,0.0833333333333333,22.243659615516663,4.820851882298787,21.153762976328533,24,33.708333333333336,48.25,6.795203388442655,4.774665761277923,0.7115333075906854
20210305_NE_mockData4_003.tiff,23,0.8011853729977327,0.0418327590998481,87.27596667233635,9.494875115506789,11.346345165196588,34,38.294117647058826,11.411764705882351,7.015560144186248,6.387697324465225,0.413499711604341
20210305_NE_mockData4_003.tiff,24,0.1455581092834472,0.06,0.7347089338302613,6.914175426959991,14.814373626708983,50,38.28,24.52,8.782176337798354,7.322061101343987,0.5521556187646485
20210305_NE_mockData4_003.tiff,25,0.1630353699712192,0.0147058823529411,15.802898417500888,8.751670875970055,14.231539720998091,68,38.35294117647059,42.05882352941177,10.629915748392984,8.24713718843722,0.6309270047426019
20210305_NE_mockData4_003.tiff,26,0.08,0.04,0.8999105310440063,5.557310714721679,4.639729890823364,25,40.24,31.68,5.993871251740861,5.298443867547758,0.4675305328410962
20210305_NE_mockData4_003.tiff,27,0.4758823665521912,0.052240597999702,34.696454025931274,10.154365525407306,13.755302837339498,59,42.94915254237288,16.152542372881356,9.1932942089355,8.280168644426219,0.4344937988662953
20210305_NE_mockData4_003.tiff,28,0.4797462917143298,0.0161290322580645,9.19753196162562,6.977418186203126,25.64173992987602,62,44.435483870967744,26.370967741935484,12.002917017485238,6.804900735373995,0.8237609832004742
20210305_NE_mockData4_003.tiff,29,0.0809136190348201,0.0738748593462838,20.91643068856663,7.458797030978733,10.39192313949267,72,44.59722222222222,38.0,12.223433995437688,7.702292884600397,0.7764936096209726
20210305_NE_mockData4_003.tiff,30,0.3572317361831665,0.0,50.09270392523872,8.97731128666136,4.290028625064426,9,44.333333333333336,10.88888888888889,3.885753375057407,2.7954428906961324,0.6945875203623408
20210305_NE_mockData4_003.tiff,31,0.2161178290843963,0.0,11.63771320382754,7.811355213324229,15.515924702088038,24,48.708333333333336,32.0,6.30367691015701,5.37610884387977,0.5221513279951117
20210305_NE_mockData4_003.tiff,32,0.2731093475312898,0.1343179236758839,14.461143907272454,11.662453764315808,19.74759456063762,66,49.27272727272727,22.681818181818183,13.211836709619554,6.594386874567046,0.8665287372688952
20210305_NE_mockData4_003.tiff,33,0.0484419550214495,0.0357142857142857,48.2999975340707,4.089467780930655,11.7934296642031,28,51.75,59.82142857142857,9.28006373265841,4.046011991599304,0.8999516661117162
20210305_NE_mockData4_003.tiff,34,0.0529833883047103,0.0,58.43725474675497,2.689544195930163,8.027366856733957,24,51.625,66.54166666666667,7.192595005192923,4.319197376847081,0.7996201537188491
20210305_NE_mockData5_001.tiff,1,0.1717709871855649,0.0227272727272727,0.4756889627738432,5.793745306405154,6.062795546921817,44,10.090909090909092,33.43181818181818,9.041240872847922,6.314074257330051,0.7157430886662959
20210305_NE_mockData5_001.tiff,2,0.2145639512003684,0.0816326530612244,0.9806933403015136,4.95090867791857,12.441136927020793,49,13.877551020408164,24.93877551020408,9.207471139064902,6.962299948967187,0.6543894664897661
20210305_NE_mockData5_001.tiff,3,0.2354490097532881,0.045984980907846,0.9699222280624064,6.237181602640355,4.125811731561702,47,14.148936170212766,39.5531914893617,8.305236651336733,7.168599621592134,0.5049610579323598
20210305_NE_mockData5_001.tiff,4,0.7019552029669285,0.0625,1.174418821930885,9.417389139533045,8.51183208450675,32,15.3125,29.96875,8.082751776633145,5.347055144407408,0.74991080416152
20210305_NE_mockData5_001.tiff,5,0.3072464112882261,0.074074074074074,0.3900714803625036,5.154749208026463,3.5112667127891823,27,19.37037037037037,21.85185185185185,7.120032409637136,4.878137161046793,0.7284222206285936
20210305_NE_mockData5_001.tiff,6,0.4164343096993186,0.0666329055637508,0.804155673299517,6.849683481377441,7.590423844464413,77,19.805194805194805,36.15584415584416,14.051954704749246,7.235466836599315,0.8572453183416566
20210305_NE_mockData5_001.tiff,7,0.442875862121582,0.111309760495236,2.629047893641288,6.488777474353188,3.806045291716592,57,25.035087719298247,45.578947368421055,10.283746720890711,7.010183726536711,0.731654138521262
20210305_NE_mockData5_001.tiff,8,0.4552820316132377,0.1043395540293525,0.4822658405584447,6.68703292222584,23.8163522429326,68,26.102941176470587,20.16176470588235,11.212136844995928,7.809857215213731,0.7175045073091103
20210305_NE_mockData5_001.tiff,9,0.3584623182261431,0.037037037037037,0.4896500927430612,10.766416099336412,17.447529881088823,54,24.166666666666668,27.35185185185185,11.125831696472362,6.207364154586225,0.8298923113208758
20210305_NE_mockData5_001.tiff,10,0.2717989702693751,0.0491803278688524,0.8777940029003581,6.301479706998731,9.6033501507806,61,25.918032786885245,35.114754098360656,11.401288972164377,7.04463213864637,0.7862721562163983
20210305_NE_mockData5_001.tiff,11,0.0444444444444444,0.0095076706674363,1.5247009515762329,10.312939914067586,5.760318439536625,45,31.511111111111116,32.644444444444446,9.167571140932388,6.287364155027046,0.7277649849769076
20210305_NE_mockData5_001.tiff,12,0.3430729845295782,0.1085851373879805,18.530458178209223,4.807671764622564,8.24158315554909,46,30.91304347826087,41.08695652173913,8.728786018865385,6.934556063206929,0.6073337570166328
20210305_NE_mockData5_001.tiff,13,0.219330126330966,0.0714285714285714,1.3217180832510902,9.48085604679017,12.818896764800662,42,31.547619047619047,24.452380952380956,8.838973003610667,6.038763163912944,0.7302337606712006
20210305_NE_mockData5_001.tiff,14,0.7397757865661798,0.10220332478368,0.676876166532206,7.012897864330647,8.366645198921825,86,36.13953488372093,20.8953488372093,16.543509334414285,6.999167093693827,0.906094048746532
20210305_NE_mockData5_001.tiff,15,0.3800611112798963,0.0764917071376528,1.0432782833065306,6.490167998841831,8.217258789709636,56,37.30357142857143,40.57142857142857,10.050413452277398,7.672133889464737,0.6459673931850484
20210305_NE_mockData5_001.tiff,16,0.5672280675656086,0.0616024176816682,0.4390678148011903,5.630102636040868,6.979848690935083,74,39.054054054054056,32.87837837837838,10.663512965363084,8.893095848180524,0.5518032740718298
20210305_NE_mockData5_002.tiff,1,0.5458419162493485,0.080022836342836,2.9004818139932094,6.287672331699958,4.7872058886748095,78,4.756410256410256,57.21794871794872,12.778342483244906,7.9954761330751,0.7800595649960997
20210305_NE_mockData5_002.tiff,2,0.7372065169470651,0.0285714285714285,0.6797107424054827,7.341669811521258,3.920893287658692,35,8.82857142857143,49.68571428571428,6.993805619194584,6.538375672161244,0.3549614079023291
20210305_NE_mockData5_002.tiff,3,0.952359793515041,0.1170247012171252,0.7231301398112856,9.459601299516086,6.768773070697127,58,9.310344827586206,62.241379310344826,10.842584372619932,6.945572694604141,0.7678891320520094
20210305_NE_mockData5_002.tiff,4,0.7658103194087744,0.0401342079043388,3.1096176251769068,7.9691295072436334,6.278136016428471,80,10.85,71.775,14.829741650835956,7.463830288093459,0.8641109090746887
20210305_NE_mockData5_002.tiff,5,0.6438542746883982,0.0495960935950279,0.8487405163400313,8.423694845508127,4.720477887812783,68,13.705882352941176,45.10294117647059,12.604679246060185,7.375090324715443,0.8109558573568241
20210305_NE_mockData5_002.tiff,6,0.4775905994807972,0.0696837306022644,0.5573265990790199,7.1248720183092,6.7673997326808815,68,14.205882352941176,53.35294117647059,10.642247760721034,8.307373760292707,0.6250267852891888
20210305_NE_mockData5_002.tiff,7,0.5957620314189366,0.0357142857142857,0.5328297061579568,7.079281151294708,8.952011930091041,28,15.928571428571429,70.75,6.7723832865971465,5.598116312838871,0.5627759292952693
20210305_NE_mockData5_002.tiff,8,0.2139714066596592,0.0864766405410125,3.9976752906286417,7.797997057938776,14.592018050305985,119,18.142857142857142,63.134453781512605,15.14795247342929,10.801854593618742,0.7010724229901382
20210305_NE_mockData5_002.tiff,9,0.644678334137062,0.0259740259740259,0.6820780189780445,6.856749995962366,7.361634825731253,77,19.32467532467533,82.97402597402598,10.85258263876094,9.071398148656307,0.5489204465972255
20210305_NE_mockData5_002.tiff,10,0.5429347435633342,0.0735816379388173,0.5685596446196238,9.134267403682072,6.625192026297252,60,20.383333333333333,74.86666666666666,10.419901776560428,7.446929439570641,0.6994482313996018
20210305_NE_mockData5_002.tiff,11,0.3273027296419497,0.074074074074074,1.980811642275916,8.931908280761153,4.711195917041214,27,20.48148148148148,52.7037037037037,8.177343340188878,4.322484004365911,0.8488755835210016
20210305_NE_mockData5_002.tiff,12,0.6061785951737435,0.0999610750905929,0.826435181402391,7.304393062668462,6.70473866116616,62,20.11290322580645,42.693548387096776,11.684602739735144,7.226002771008594,0.7858470374377488
20210305_NE_mockData5_002.tiff,13,0.4259132085702358,0.0256410256410256,9.139648633125502,8.824228002474857,14.916995546756649,39,24.71794871794872,63.256410256410255,8.615172459716824,5.814893939146684,0.7378546247088581
20210305_NE_mockData5_002.tiff,14,0.2848019086081406,0.0517241379310344,12.51848040366995,7.094892228471822,12.44357821448096,58,25.603448275862068,50.172413793103445,9.080603869878567,8.123991177057615,0.4467613210083924
20210305_NE_mockData5_002.tiff,15,0.7184188596663936,0.032258064516129,12.775522247437507,12.294188868614937,4.237711155606855,31,25.35483870967742,56.903225806451616,7.410732060877671,5.347341171643986,0.6923444071547831
20210305_NE_mockData5_002.tiff,16,0.8948656134307384,0.0875182105228304,0.937109749764204,6.562157271429896,5.4568616561591625,64,26.890625,80.234375,10.40083088320358,8.170214467136017,0.6188175007359739
20210305_NE_mockData5_002.tiff,17,0.3440622648183447,0.067458257187892,0.9748906797736232,8.20213232662556,4.696244813229916,137,28.78832116788321,40.13138686131387,14.207501596272152,12.805697490397376,0.4331257061429706
20210305_NE_mockData5_002.tiff,18,0.4899054031441177,0.0289855072463768,16.154757497967154,9.036228407984195,8.87648649405742,69,28.82608695652174,66.1304347826087,14.566500565838158,6.57972656393188,0.8921685587647726
20210305_NE_mockData5_002.tiff,19,0.481938114980372,0.048780487804878,7.237108681260086,11.98104676967714,4.581568587117079,41,29.853658536585368,74.65853658536585,9.600035915518095,5.45239965494141,0.8230587986649825
20210305_NE_mockData5_002.tiff,20,0.3849536673776034,0.1006270975902162,38.85862941577517,11.225945768685175,13.290971854637409,29,32.793103448275865,69.41379310344827,7.500030344823326,5.028972799576618,0.7418851331269437
20210305_NE_mockData5_002.tiff,21,0.4813894183786065,0.0406721336347562,13.182451232059584,9.232034734777502,10.28159539227013,111,33.072072072072075,53.75675675675676,15.02196294933876,9.637344560249,0.7670809841119383
20210305_NE_mockData5_002.tiff,22,0.0961338120537835,0.022234596110679,38.92176371973914,7.117548224088308,6.340235329157597,74,37.810810810810814,41.4054054054054,14.26232050078279,6.808586448986025,0.8786954337853744
20210305_NE_mockData5_002.tiff,23,0.4353620211283366,0.0300097127755483,10.486992943286896,8.264748744169871,14.494795523087184,60,37.4,63.06666666666667,9.235238819207186,8.426896592128736,0.4091392151516086
20210305_NE_mockData5_002.tiff,24,0.2343168764744164,0.0476935280943816,82.97627471527963,4.324287372939992,3.7023740652597175,106,38.79245283018868,30.81132075471698,12.748226328194114,11.104875242118837,0.4911202501935132
20210305_NE_mockData5_002.tiff,25,0.1193550603730338,0.050208670752389,50.96550859723772,2.745442177568163,5.41220166512898,70,38.74285714285714,70.94285714285714,12.263950837400255,7.393019298475119,0.7978732425554047
20210305_NE_mockData5_002.tiff,26,0.7550566873034915,0.027027027027027,21.407134481378502,4.905616152125436,3.126175000860884,37,40.37837837837838,13.16216216216216,8.761238318866946,5.431593492522128,0.7846355643626467
20210305_NE_mockData5_002.tiff,27,0.4565114484113805,0.0550165246514713,25.42730797248728,5.044493173150455,11.823773034179911,85,42.43529411764706,54.976470588235294,12.525732053516965,8.820808316751247,0.7099867906647502
20210305_NE_mockData5_002.tiff,28,0.3122667960218481,0.0694874653945098,36.693260341077234,8.098133320743973,14.609728632746515,74,42.63513513513514,46.0,11.684026550814709,8.34084635167604,0.7002808366153677
20210305_NE_mockData5_002.tiff,29,0.03125,0.09375,22.803048741072416,1.222010537981987,3.14743959531188,32,44.28125,63.0,6.728877274013787,6.079192843730225,0.4286970256400784
20210305_NE_mockData5_002.tiff,30,0.4868391375057399,0.046875,50.91458716988564,4.926626721397042,6.358861424028873,128,43.2890625,21.203125,14.296363835432617,11.618601928478071,0.5826875073710287
20210305_NE_mockData5_002.tiff,31,0.6808175799822567,0.0510657977576207,21.037965521667942,6.142542220125295,6.9056227556382765,99,47.86868686868687,37.28282828282829,13.127610279920514,9.953882945456836,0.6519752080293805
20210305_NE_mockData5_002.tiff,32,0.7121661213728098,0.0788288147021562,22.851411347205826,7.513645946979523,5.367976282651608,78,49.15384615384615,15.217948717948715,15.154053096046654,6.686039913584002,0.8974064774143475
20210305_NE_mockData5_002.tiff,33,0.3771271300904544,0.0617283950617283,6.081877499450872,5.623366563408463,2.433102253778481,81,48.641975308641975,70.8641975308642,13.1400378769857,8.291351347470926,0.775783607463878
20210305_NE_mockData5_002.tiff,34,0.1844585587960163,0.0343260494352297,2.836330154469905,6.19183161854744,6.596314483926497,131,51.34351145038168,58.33587786259542,16.339662213959503,10.76509634642846,0.7522898858461141
20210305_NE_mockData5_002.tiff,35,0.3221027807491581,0.0,28.252543482838608,6.563541351295099,5.686613828670688,82,51.31707317073171,47.01219512195122,11.081315872067153,9.851746409244544,0.4578271910646799
20210305_NE_mockData5_002.tiff,36,0.2493656325024484,0.0839375762749981,17.690288797711695,5.439806977644661,7.123188946420783,151,53.54304635761589,28.576158940397352,14.828480297561578,13.652996642554886,0.3902050682980365
20210305_NE_mockData5_002.tiff,37,0.5595375099921063,0.1143319753751362,0.8874693047510435,7.394751623885273,7.874724665733233,73,56.04109589041096,66.28767123287672,10.601469960064469,8.796648486221782,0.5581241838086607
20210305_NE_mockData5_002.tiff,38,0.5117948337605125,0.0877609127446224,17.80983599236137,4.413516374010789,10.002820981176276,38,57.60526315789474,44.8421052631579,8.305527548952746,6.097448396955207,0.6789944324916031
20210305_NE_mockData5_002.tiff,39,0.451766801731927,0.1359699198177882,36.11894197549139,6.356129427041326,9.08701565861702,56,58.125,37.767857142857146,9.2776148631839,7.761584179859253,0.547825499955663
20210305_NE_mockData5_002.tiff,40,0.4058857130056078,0.0324556448242881,0.3482508496804671,6.815215766429901,1.5325628437779166,44,60.22727272727273,60.63636363636363,11.33668764094663,5.133765322787862,0.8915891237915614
20210305_NE_mockData5_002.tiff,41,0.7645782208442689,0.159147736231486,2.2385629765192667,5.900551195144653,2.6920990546544394,75,59.73333333333333,20.666666666666668,13.298616797344522,7.423694209881664,0.8296858740609631
20210305_NE_mockData5_002.tiff,42,0.2461144506931304,0.05,2.8503270924091337,0.7681510627269745,1.2239224910736084,20,62.55,32.75,5.985542185750804,4.187276530466729,0.7145688521824596
20210305_NE_mockData5_003.tiff,1,0.3340853686843599,0.0956280337912695,0.7390898806708199,3.146509515387671,10.473720135433334,56,11.196428571428571,29.285714285714285,10.05305474942012,7.182203658267776,0.6997069458821189
20210305_NE_mockData5_003.tiff,2,0.3681068244527598,0.0880965033515555,0.256061170921951,3.691938462804576,12.517299179170951,61,11.770491803278688,37.04918032786885,10.084766510659406,7.731536502597818,0.6420592934535401
20210305_NE_mockData5_003.tiff,3,0.3183602556890371,0.0408163265306122,0.1595791237694876,2.760399227239648,8.181618435042244,49,15.673469387755102,52.02040816326531,9.09079621468462,6.920238608638086,0.6484752971050647
20210305_NE_mockData5_003.tiff,4,0.0484034362828956,0.0943396226415094,0.3516746107137428,4.146063527970944,28.641730346769656,53,18.0,28.150943396226417,9.069644452674948,7.658983341681665,0.5356131659781782
20210305_NE_mockData5_003.tiff,5,0.284087504211225,0.0560974980655469,0.616835826321652,3.9079634233524927,7.563815342752557,38,18.157894736842103,36.97368421052632,10.390125197983666,4.926145046425686,0.8804613293000979
20210305_NE_mockData5_003.tiff,6,0.5624928728478854,0.0974700665864788,0.3294785433128231,3.828638171563383,22.360406220936383,61,19.016393442622952,20.72131147540984,9.96312085806004,7.814282861549349,0.6203554563214021
20210305_NE_mockData5_003.tiff,7,0.0638297872340425,0.1063829787234042,0.2328422247095311,3.2299269691426704,7.167191487677554,47,20.91489361702128,47.02127659574468,8.867583881452983,6.7955127605617776,0.6424448283421569
20210305_NE_mockData5_003.tiff,8,0.0714285714285714,0.0714285714285714,0.7811850564820426,4.8594686814716885,4.815909564495087,14,23.785714285714285,24.357142857142858,4.742873420478221,3.686025552052299,0.629288982059086
20210305_NE_mockData5_003.tiff,9,0.4313475832794652,0.1023150899193503,0.4134811295403374,3.5619968693665784,11.048619548479715,99,24.57575757575757,55.494949494949495,11.626938246006372,10.998386053408185,0.3243416438286171
20210305_NE_mockData5_003.tiff,10,0.2818625670212966,0.0307692307692307,0.3380512457627516,5.443069674418523,10.141547421308664,65,27.153846153846157,18.015384615384612,10.320552449204142,8.10293515276853,0.6193359332391882
20210305_NE_mockData5_003.tiff,11,0.0915240509943528,0.0914762706467599,0.3262563167196332,4.718569961461154,12.344059088013388,66,33.78787878787879,53.13636363636363,10.752748357850397,7.875761691426861,0.6808297151201005
20210305_NE_mockData5_003.tiff,12,0.5049125283165316,0.0697743439041407,0.6418941189757491,4.976096730316635,8.334556637612064,113,36.690265486725664,18.12389380530973,15.035413444808984,9.767927999963977,0.7602236799702268
20210305_NE_mockData5_003.tiff,13,0.1802644936934761,0.0434782608695652,0.4760695203490879,3.771098979141401,5.581627283407294,46,35.891304347826086,25.543478260869566,11.735585279255178,5.715369816729889,0.873395327604
20210305_NE_mockData5_003.tiff,14,0.2251635000986211,0.1453603085349588,0.4585001696558559,5.126357211786158,38.82468972837224,68,36.838235294117645,45.80882352941177,11.179227259476864,8.381927689440182,0.66169057856769
20210305_NE_mockData5_003.tiff,15,0.2808942159016927,0.1006518019570244,0.4354448954264323,4.419371753268772,8.73077466752794,45,38.91111111111111,32.37777777777778,8.537433536105171,6.725747944036424,0.6159374540288877
20210305_NE_mockData5_003.tiff,16,0.3116465761111333,0.0590486870362208,0.5349629177496984,8.782838734296652,5.697902991221501,52,40.23076923076923,57.98076923076923,9.007216089829736,7.53533681494481,0.5478312211748073
20210305_NE_mockData5_003.tiff,17,0.1041017688553908,0.0344827586206896,0.2567846528415022,5.15283151330619,18.575914448705213,29,41.58620689655172,51.10344827586207,6.344569113616827,5.884617724115323,0.3738114716594334
20210305_NE_mockData5_003.tiff,18,0.4780257070765776,0.0470588235294117,0.5206727055942311,5.628385193207684,5.975262556356542,85,43.45882352941177,71.34117647058824,13.611134357276203,8.00002578193567,0.8090382521182451
20210305_NE_mockData5_003.tiff,19,0.1188623425248381,0.0421388696927528,0.3292590472605321,5.117248801441936,15.325224771128072,77,45.03896103896104,44.285714285714285,12.91871892664483,8.398186601743559,0.759866713652244
20210305_NE_mockData5_003.tiff,20,0.399289998455324,0.1669197289840034,0.8728329755257869,5.533186986826468,15.229208198146544,69,45.594202898550726,34.768115942028984,11.120379226586126,7.994658564495164,0.6950932393874204
20210305_NE_mockData5_003.tiff,21,0.5606906789800395,0.1248573349869769,0.5946079868337383,4.7621797737867935,16.50756734609604,92,45.01086956521739,24.293478260869566,11.012452545416345,10.719661568045924,0.2290581681099669
20210305_NE_mockData5_003.tiff,22,0.3503276959061622,0.0581459686160087,0.4114696010947227,9.45085087120533,12.26369600892067,80,47.8875,53.825,12.42191084909054,8.318871970240119,0.7426376788492602
20210305_NE_mockData5_003.tiff,23,0.4562918440500895,0.0795586967468261,0.2255762767791748,8.247468277613322,7.057875153223674,75,49.17333333333333,64.16,12.01341300120513,8.0837860530425,0.7397364538685227
20210305_NE_mockData5_003.tiff,24,0.4239350940499987,0.08924087030547,1.0613543561526708,3.7990103363990784,3.592860000474112,28,49.92857142857143,79.42857142857143,7.126856614385291,5.004462957388155,0.7119819274917604
20210305_NE_mockData5_003.tiff,25,0.3883810111454555,0.1142857142857142,1.3095379965645926,3.8911614554268974,9.045133331843784,35,50.74285714285714,29.542857142857144,7.845698369447885,5.685868335469602,0.68905235584947
20210305_NE_mockData5_003.tiff,26,0.9590006482367422,0.1548307947084015,0.7679348459430769,7.312266630284927,12.530675705741434,51,51.09803921568628,71.6078431372549,8.787814811646928,7.399200432840645,0.5395023248732761
20210305_NE_mockData5_003.tiff,27,0.6992189586162567,0.0674295967275446,0.154280117966912,7.400407434864477,10.02090869979425,44,55.31818181818182,78.81818181818181,8.674831688264584,6.637249453218373,0.6438928854038571
20210305_NE_mockData5_003.tiff,28,0.1111111111111111,0.0,0.2442962792184617,8.227679173151651,3.761744572056665,18,55.888888888888886,59.16666666666666,6.039848861445872,3.914421396157223,0.7615558995436135
20210305_NE_mockData5_003.tiff,29,0.3574077479979571,0.1415873275083654,0.2487285221324247,6.679019508642309,14.221722651930415,85,56.576470588235296,51.77647058823529,11.917574973535332,9.294947198793816,0.6258591270169932
20210305_NE_mockData5_003.tiff,30,0.5364694347921407,0.0377358490566037,0.7848697743325863,7.28146407289325,16.14815745713576,53,58.15094339622642,72.94339622641509,9.47990542323291,7.246243141102379,0.6447668873389272
20210305_NE_mockData5_003.tiff,31,0.3489892584936959,0.104940162386213,0.4345633251326424,7.55826941217695,7.89591235433306,35,63.02857142857143,53.82857142857143,7.966052345785105,5.621530206353635,0.70852488954191
20210305_NE_mockData5_003.tiff,32,0.6763378654207503,0.2036912509373256,0.6017370905194964,6.439740875789098,4.883066875594003,35,63.48571428571429,71.11428571428571,8.002140270464567,5.665365243010128,0.706231233141586
20210305_NE_mockData5_003.tiff,33,0.4769227728247642,0.09375,0.2074814662337303,4.262234676629305,5.309991031885147,32,65.46875,77.3125,6.636097323074277,6.114252801339377,0.3887038775690792
20210305_NE_mockData5_003.tiff,34,0.2484545579978398,0.0357142857142857,0.4017057823283331,7.5112340705735345,9.77876466725554,56,67.03571428571429,58.25,9.346451863035735,7.831839830012884,0.5457502135228917
20210305_NE_mockData5_003.tiff,35,0.4293107601503531,0.1051415105660756,0.7408888141314188,7.5963953112562494,21.434340946376324,48,68.72916666666667,64.64583333333333,10.097665706760814,6.17979975826761,0.7908555898723314
20210305_NE_mockData5_003.tiff,36,0.4548566263654958,0.0928862716840661,0.4281416716782943,7.004468223322993,8.346667460773302,46,68.8913043478261,48.630434782608695,8.193751007477376,7.08098349279216,0.5031602126912892
20210305_NE_mockData5_003.tiff,37,0.3893329669267703,0.1741728446422479,0.3968500999303964,5.522789722833878,19.022328826097343,39,69.07692307692308,71.97435897435898,8.239122888143417,6.219190200451355,0.6559130634934798
20210305_NE_mockData5_003.tiff,38,0.273699273454382,0.1078302226168044,0.4734776641460175,6.033287748377374,15.49499098798062,47,73.2127659574468,54.765957446808514,8.714150532927695,6.933965492878471,0.6056734609915119
20210305_NE_mockData5_003.tiff,39,0.2718068619032164,0.0887740012761708,0.4750446242255133,4.599256112768844,13.428654145550084,37,73.67567567567568,66.62162162162163,8.546284268234706,5.498232899450907,0.7655740661727326
20210305_NE_mockData5_003.tiff,40,0.8157351998721852,0.0,0.2513603322646197,3.4155339563594147,7.540455460548401,17,74.58823529411765,60.35294117647059,5.366359905713177,4.0470547254255615,0.6566991163647711
